MolWeight,LogP,HBD,HBA,TPSA,RotBonds,AromaticRings,HeavyAtoms,LogS
287.27005942368123,3.0126339636657393,4,5,43.477297762789114,8,0,35,-3.2847911464415187
575.3571532049581,5.314256258823829,0,3,27.001566909743396,11,2,10,-9.820016645442088
465.99697090570254,3.9256357572790757,5,5,61.60777822772785,2,0,7,-4.876403352406256
399.3292420985183,1.6346445165063954,2,2,117.91435366874236,10,3,25,-5.542624194266928
178.00932022121827,1.1523779929774631,3,5,55.01306877926326,0,3,32,-0.8594374188449206
177.99726016810132,3.2378787572597587,0,1,90.14230866441567,6,4,31,-4.370372246568361
129.04180608409973,0.5196501894690368,2,1,114.63313297499661,9,2,16,-2.254290920380563
533.0880728874677,5.247188148781531,2,8,34.032682904040364,4,0,21,-6.084917458742612
400.5575058716044,4.269160181081931,0,6,109.08874209506354,4,3,28,-5.448340322666065
454.03628889802275,1.7962365218429428,4,2,31.94321540230581,0,1,27,-4.323079840337361
110.29224714790122,-0.06970179363631601,2,0,145.46686647650955,8,3,28,-2.597006334737974
584.9549260809972,4.5308085612481195,4,7,83.49123690844215,6,1,42,-7.053431932097793
516.2213204002109,2.3281902321210732,0,5,39.58789400228406,7,0,40,-6.467849250671529
206.16955533913807,4.356724467960193,4,6,64.50987268436104,8,3,36,-3.1385678097015357
190.9124836035503,0.10835851180844935,1,8,73.74413840838399,5,3,31,-1.3170228170803762
191.7022549267169,1.6009374655693407,3,4,118.56405143994985,11,0,34,-3.3583698713765364
252.12112147976887,2.5078655495772746,2,0,116.64509218995921,4,3,7,-4.386429864273216
362.37821581611894,2.570470890647113,5,9,99.55226569385303,5,1,10,-2.5160656218970257
315.9725093210579,1.8249017927811346,3,6,33.770992632604084,10,3,13,-2.8435162198463835
245.61457009902097,3.434274898521248,4,4,39.704018306397565,1,2,15,-2.7505147683369824
405.92644736118973,0.8985693559261083,2,2,32.18839968392236,3,4,42,-4.17599006106628
169.7469303260209,2.28643077246806,4,8,95.03246182738151,2,1,25,-1.1791961530548019
246.07232426760908,2.6804434475678485,1,0,134.02799739648253,6,2,7,-4.786804538629817
283.18092164684583,3.2716582510881236,0,0,76.39406659312033,8,0,16,-6.073822992073529
328.03499210851794,3.567422317133335,2,0,40.910262614507005,4,1,42,-4.782048486103783
492.5879806965068,0.8130368622431963,1,2,92.54550226936571,5,4,15,-6.48805899540055
199.83689107917985,0.19882874389656635,1,5,125.52778819254229,9,4,38,-2.5052370599290246
357.1172192068058,4.416515232847764,2,9,116.4225679966809,11,0,38,-4.910988978879475
396.2072844310212,2.9984710179693876,4,2,134.5886013577528,11,0,12,-5.542334101922418
123.22520635999886,1.3772701951651696,5,7,56.12727264235282,1,1,44,1.9449933075959107
403.7724259507192,4.826727963283784,1,9,45.21400274481073,2,3,23,-4.602258242589184
185.26206184364577,2.6735119514392878,3,1,134.37614317245203,2,0,16,-3.463284608439367
132.52579649263976,4.268945776095739,1,8,105.482840661143,11,3,33,-3.234877179824519
574.4427686266666,2.6012777221151633,5,2,60.420760900982046,11,2,41,-7.435293518562385
582.8160165372797,5.591121887322981,4,4,116.5052465744262,8,4,27,-8.046547216554798
504.19867405823055,5.133011263664807,4,9,125.96538998244783,6,3,31,-6.254847350827327
252.30688458668536,2.12655377728139,3,7,99.9471712443472,7,4,34,-2.0283864529492037
148.83605700319194,3.957356426431533,1,1,109.42493428438897,10,3,21,-4.788933591967398
442.11651325607846,3.4680639243777214,4,5,68.78378757754662,9,2,10,-5.2574989905350025
320.0762468698007,4.552947336298523,5,4,90.03043675459509,10,0,35,-4.945167241322446
161.0191174223894,1.0526148091298433,2,9,88.1406921944011,8,2,15,-0.10777636383415534
347.5884550556351,3.529077189997659,0,8,130.24621284700035,5,0,33,-4.952275592849139
117.1942605576092,4.087636730274381,0,4,129.19531743668375,3,0,32,-2.445459036157101
554.660201039391,-0.13810922963467132,0,1,128.24846101511562,11,4,25,-6.61171381959302
229.38999080000846,0.7251122310013374,1,4,21.434109854120553,0,2,34,-1.422593209103663
431.261142176991,-0.5588482666401511,3,3,117.44091298095547,7,3,23,-3.6360252796958523
255.85553804470547,2.095889748333163,4,6,118.62793071443063,6,2,26,-2.2027412590776634
360.0340105889054,3.5763133836939436,2,5,108.18924697116844,1,4,29,-5.393279322264673
373.35513967163985,4.753535578144042,5,1,118.31440552588883,7,0,38,-5.841332910493242
192.42722776276352,2.611142170629663,2,4,129.45614829457213,11,4,39,-3.1545451188231666
584.7923138822794,4.942923318356938,5,6,81.14147703323214,4,1,11,-6.449540774904476
487.5664116805573,0.42984781267766303,1,6,85.26652775349812,6,1,40,-5.319515585313682
569.7494707820945,-0.05507365903273209,0,4,36.21282739848076,3,3,17,-5.377224240585718
547.4136752138245,2.4166784516550717,1,8,70.09886479615705,4,4,9,-4.680917543818821
398.94998940554257,3.076098173408961,3,3,103.63747338853196,7,3,39,-4.622290489935207
560.9371175115584,2.4509578778588605,3,2,121.45197089914569,0,3,17,-6.173111973223758
144.24625102595974,-0.6011631500598149,5,3,48.23718269985737,0,1,22,1.1926577898000665
197.9914312095726,2.3663199407308175,4,4,37.9169768907006,3,3,24,-1.8359126770986638
122.61364445526903,0.5432957492427202,4,5,106.19546058506398,2,1,36,-0.8806974155127301
262.66516538163216,3.5045088232450574,5,2,20.244384858238384,9,0,16,-3.9423609837948197
294.338644844741,3.049897369145272,3,1,43.188435959952876,11,4,24,-3.902832928565712
235.67451588694794,1.090180320508967,3,3,23.779279444713985,1,3,44,-1.757728257262185
514.3687545759647,1.7291996239949596,3,4,41.69506532113322,11,1,25,-5.738454674050301
278.37666334679466,0.9111797171665725,1,3,43.571506390315676,2,2,42,-2.907133122140251
240.46725484369037,2.405981354090242,3,2,70.39756731755125,10,3,19,-2.7075827672832777
371.34804157912424,3.9327134807518576,2,7,72.30252620925228,10,0,9,-4.228370329532401
170.46211248738132,1.0214109304966845,0,9,133.6541211793309,10,0,16,-0.9742070792947433
501.09849037701986,3.2560697732767667,3,3,86.31426262484727,0,2,44,-5.650113708732845
137.2753218398854,1.704613572441339,5,1,114.04261952959722,0,1,7,-0.9474608578939622
593.4434683002587,1.3106907516064839,0,1,33.53785652963737,5,3,33,-7.815790616164411
486.1223846483287,2.339454460068163,1,0,49.3070382102802,4,1,14,-5.639019054509633
199.3578407670862,0.9471365163709389,5,3,111.38264732722799,7,0,23,-2.2079496781264387
102.7610585618012,1.669526041979227,0,9,26.864514860908653,1,1,15,-0.18830839903085422
507.7307142274171,0.7031831611167272,5,8,83.2576960916879,3,0,12,-3.5938384671073966
453.42867192380857,5.447087699374584,1,6,97.9179655361814,7,1,31,-7.241853809975634
464.50358402049363,2.552895327957593,2,9,98.27893372682254,11,2,34,-5.531509388342697
485.63517334297285,1.4504117380111217,1,6,22.981265464845464,5,4,39,-5.000401560097426
137.0223258670452,2.820969866101333,1,6,61.87404054979412,0,2,43,-1.8596397460445786
279.23286427213634,2.331507925463755,5,7,102.74378463639002,3,2,15,-2.1459359260977298
157.93452976256486,2.1685456007001656,4,0,39.36996569940165,0,4,24,-1.2438009705825857
531.5517129377968,3.421250050065138,3,9,110.40403428264692,1,4,27,-5.530593722355031
411.64906341377895,3.6362615650709578,3,9,116.97027714577769,4,3,8,-4.109202088895223
265.4490124263246,1.7042482785842088,2,7,147.65599475799888,7,3,44,-2.3359146611925654
131.77917514301183,1.63627263903298,2,3,47.27945933133323,7,2,42,-2.1289235498599726
255.4911608578311,2.087422454272534,3,3,127.26698679659498,10,2,43,-4.093917215071354
262.5916610133735,-0.952881747103377,4,3,87.63855499942503,2,0,21,-1.1029308241692966
464.80308916903203,0.22721340670217138,3,5,68.55013749874254,10,0,34,-3.6145256783547635
418.77873567760656,4.550311401166788,4,6,35.90897845227313,3,3,24,-4.445434134144146
543.6063712881632,4.967451570251925,2,5,115.61572884337988,9,3,40,-8.063475289528295
336.10746258097464,2.1264459406654326,0,0,50.66148788867932,10,0,28,-5.43566670999184
159.79712296915085,3.3648354445836497,5,7,68.28486024349596,5,0,17,-1.7729593281190246
456.6223936114975,2.966875231815304,2,9,28.130489496657894,10,1,19,-4.449634244284443
480.39252430844874,7.118321212682856,2,6,124.17769905653748,10,1,10,-7.979670690857718
380.6385987847481,4.179362367151866,1,5,119.65650811631363,9,0,28,-6.248253947574425
485.4835899772805,2.30812361277885,1,5,115.37005790550062,2,1,13,-5.905040894913348
346.8977981821954,1.0666893390993613,1,4,58.92765636394527,1,4,30,-3.7403013943330903
361.36641469099703,0.09033051961364125,5,5,42.55240965457444,5,3,10,-1.604182786816708
313.7705091792748,2.8051954538008346,1,8,102.88192438112986,10,3,34,-3.5402221893542833
112.7095633720476,1.365473882073545,4,9,84.50162993471852,4,0,21,0.04900540205476139
153.94571349665222,0.36661943560348886,3,8,43.172820697603406,9,2,7,-0.10943760448054168
115.71459284336713,1.5301406736362102,0,9,109.16846523648228,4,0,9,-2.111572100735222
418.2052056318902,0.8776779945784074,2,7,148.84643613676948,9,1,20,-4.557432099620554
257.17799053816333,5.030712452608848,4,9,117.1385464064649,4,2,44,-3.088358330153832
354.2853455823514,3.8224596354241758,0,8,116.19823026912954,9,1,7,-5.7899161333721665
553.7832369630465,2.488041038025074,4,9,143.54065788097694,11,4,44,-6.0678093654426855
224.6461145744375,4.7199162083350386,4,7,46.38172778473728,4,1,44,-2.9722176670700233
305.1914615178149,2.6160524614714276,2,7,93.52149543978724,2,4,27,-2.8814519589496124
477.7755692715243,1.2080736980076046,3,0,147.35407295440484,6,4,35,-5.9122274156942565
214.39908274581123,4.784686115904486,1,9,41.48823442612269,5,1,11,-4.262890674203455
138.4899549143965,3.308365065526988,5,4,111.03275472778773,3,1,16,-2.654595931863931
244.87572645688402,0.9441307685103153,3,3,96.15531897634726,1,4,34,-2.305031832634322
180.61064362700222,2.2144919828745877,5,1,96.2422819845319,11,2,27,-2.5657205446032
564.8488261712865,1.1865726199228641,2,7,110.69718157760977,8,4,13,-6.969012900924962
504.06018978220845,0.42580040355349613,2,2,140.85019997383893,0,3,9,-5.207618187543844
416.70187825521174,3.889266321297462,2,3,121.73565218067394,10,4,26,-6.78345413236293
535.7302950938588,5.364124960705196,0,6,27.297693444107303,3,2,25,-6.581685009407499
501.83603844955724,0.4021486392712883,5,9,130.85464258384246,0,3,41,-2.766218822906861
193.28502944301792,3.344453855035856,3,8,49.32037289034524,5,0,10,-1.6601845940293696
546.2794992449889,1.5240361463172596,3,1,68.99884141572835,3,0,11,-5.699178702643429
369.67112095782534,1.769311924352956,4,2,80.02526576960969,4,2,7,-4.84677674050638
503.72007758203125,1.6114091136416961,4,3,82.51778009789905,4,4,10,-4.471390624814787
548.0456499617467,1.204013845480276,4,9,76.57345190319639,8,1,18,-4.157632429145442
259.0017374859319,2.5727824419172407,2,0,141.85592824806238,0,2,33,-3.7315539172209564
155.02596226383838,1.2535748253834433,3,6,111.7824709963232,1,3,29,1.227159462906442
213.96758127097084,2.9056852386697583,5,1,102.05218397437183,5,3,31,-3.944835821665741
313.5538943131281,2.4246428358262944,2,4,26.479463611782403,4,0,27,-2.6179093542227863
509.00738296124655,2.1415779297003854,0,0,137.5087329338487,10,3,30,-7.99213021883208
530.3652916281717,1.1386545069376033,4,2,138.2207249610915,6,2,31,-5.42041934235447
103.47606526559535,1.6348430041475008,2,1,121.4276982459133,2,3,38,-1.8820767686098916
355.37365128878287,3.633086838738634,2,0,20.91379649577049,2,2,38,-5.286967081435021
308.7055015743895,3.251375781436571,0,6,27.446432640091036,9,1,11,-4.834891533782015
211.0539052353651,1.0336671328021734,1,4,49.27908129490367,1,0,42,-1.7090136574427515
159.9326836668414,2.6489984581438386,3,0,37.07542305883787,2,3,22,-3.1677900293703622
268.807585701814,3.6270806850576838,5,5,71.84868386148483,9,2,39,-2.885570035093523
571.4548519562595,-0.004107921682057647,1,4,139.94099755141264,0,4,27,-5.520296748921257
261.60146601037764,3.315040288569903,4,2,81.36785644560977,4,0,15,-4.045408756136956
359.395310871683,1.50606436158123,2,6,21.74234143618153,11,1,12,-3.9807034256862592
451.50947944758894,3.355898002889739,0,9,56.75693964523906,4,2,41,-4.448253885715669
281.814801189647,1.3551112651862247,0,8,25.797338088485,11,1,28,-3.3923578784401194
585.8910413604804,-0.20732315099677834,3,8,24.71739093975528,10,1,11,-4.199608983700381
581.2236474710556,0.058686343175256006,1,8,55.84358090242179,6,3,29,-5.18627568866803
225.89114791268207,2.572127419992073,3,1,55.82960402826291,3,3,23,-2.645162284302362
348.6242529461927,2.8895837525822228,2,2,122.32645833820852,2,2,18,-4.39991282804898
250.43915490838484,1.1435250623433872,3,6,146.72850486154454,0,4,29,-0.7854921879150585
242.4202471887338,3.4578886881660607,5,4,68.25692220569978,11,2,22,-3.382213399748475
118.4434736772664,0.0077199065965603,0,1,75.75529425193503,7,4,9,-1.732743758951666
404.78216698994845,2.4008803020290252,0,2,129.8226267171828,2,1,36,-5.6483411847304374
351.33951161443076,0.683475700356315,4,9,54.85807261241674,1,0,28,-0.5814874384530413
125.73937562499468,1.5222458382967612,4,5,40.329634572448235,10,2,15,-1.379581042064934
239.32323211830573,2.571098006974621,2,6,130.90165104247455,3,2,35,-2.4607869234441
554.1329429833269,1.2093799520740713,5,8,26.045076237208512,2,4,43,-3.473593435114688
219.78094533348622,1.9231666836552619,1,0,100.56092722592405,0,1,29,-3.394291519846362
172.44743604561154,4.009439213821661,3,6,93.05907017068488,2,1,19,-2.248613075996184
344.7263801387815,1.634662195715277,2,7,64.96965817522025,11,4,38,-3.5633229919082163
592.8252270553003,3.7535381680977125,4,2,60.97463774265667,1,1,29,-6.66800906487612
221.02763575575023,0.8054397180135728,3,3,120.34150440361077,7,3,23,-2.3073471469970794
436.0677737029393,3.2947062668729243,4,9,31.23519939913104,5,0,27,-2.8751478386804186
480.8098076643588,4.6623529309868506,3,5,50.7819602104801,8,2,8,-5.800459500381804
218.8187719961998,-1.207466750190934,1,9,115.21833513895167,7,0,43,-0.32596872431284124
464.10817430592977,1.3046571167942849,2,6,91.28167588443515,9,2,12,-5.077588443890551
283.8915663596266,3.3656081907708097,3,3,36.63846710936623,2,3,24,-3.849532508642665
416.15291529678973,2.195431920935511,5,7,134.6776298566678,4,1,36,-2.954982983600116
416.76485538044733,3.0567188100569633,0,4,71.1482200532669,6,4,28,-5.413725662834394
367.88734203737926,1.594022219926269,5,0,127.62288879188247,4,3,39,-3.2776636364208485
145.14488502720417,2.62988468120935,5,3,122.40269201860212,7,0,36,-2.280394963954342
517.6512477946189,2.2664841469118806,0,2,101.17530804132464,11,4,23,-7.630405419288925
260.3900324858679,4.251673092489711,5,8,84.28254706836209,4,1,38,-3.2708916877080623
193.2592551999271,2.8816312649518196,3,7,147.3416092496284,0,3,20,-2.006351783753759
120.38757077738197,3.0064039931128033,3,0,38.84545940937622,4,4,16,-1.903019746087379
395.4464715941209,1.8821845508162989,3,5,114.27024458164492,3,3,42,-4.100155903871682
438.7821809211412,1.7685906638912596,0,8,44.854791190422574,5,3,40,-4.076151199508743
108.29391446392808,1.8511627182705688,5,6,63.97420369320529,2,1,15,0.07635692476050301
356.0465291496405,3.0916782135674454,0,3,60.13083663851538,10,2,34,-5.6449300673619245
213.247887598969,1.8685232787696056,3,0,143.114678406034,4,4,17,-3.8561596023124967
422.5863952047249,2.9346622853446194,5,1,145.7563031124758,1,1,20,-4.779371885464988
187.18321450249573,5.613101197968158,5,4,43.79200775051453,10,3,25,-5.092910768211971
445.46886905123296,3.8066870551475382,4,4,22.864570838675544,5,1,21,-5.06580315136047
293.36767315026873,2.010964701748238,4,7,113.6010451562047,11,2,34,-3.8224009300154003
568.3649943683672,4.3018208832459175,1,5,74.33869140316295,5,4,30,-6.803256584049038
168.7604720729966,1.887886940467673,2,7,31.54923186138337,4,2,14,-0.8005906738884636
270.53317552512925,-0.5571868027667808,4,1,108.88803372501553,5,0,15,-1.8378430315099397
156.73676062029455,0.987870533623894,0,2,90.86371867389096,10,4,39,-2.3551183528046575
562.3468091392814,-0.30618788153878373,4,5,147.46718686014378,6,2,39,-5.0821683453365605
538.6696766904905,1.972729773938037,1,9,49.56323446197926,11,3,25,-4.747196227226041
228.9708138575778,2.5276275687843275,5,2,72.51712392245128,4,4,9,-1.950011760450006
429.99202301708954,5.014655968412924,1,5,90.53095444140497,0,4,16,-6.078180630193857
508.6111001006079,2.990391060646244,5,5,122.92099849893572,7,1,7,-4.828101450232408
377.60040579973116,2.1713492067867035,5,1,91.34902537360763,3,3,35,-4.471570544464519
364.82528917800323,3.7441083717752335,2,6,99.6770209120534,8,0,40,-5.430949262991753
220.92614545022585,-0.8167029635118279,4,1,49.3991167066923,9,2,19,-1.8522004178996565
146.5513839029496,2.853421837162849,0,5,130.09943465151278,11,1,7,-3.9072107849004922
548.6078789766634,3.6562977908304504,0,0,75.72197110616185,5,2,40,-8.721116362092795
550.2090285816653,0.2821206313302378,3,2,38.32475157783001,0,0,35,-3.9232328258232587
416.55072863663395,4.215631064810394,5,1,106.34442888570426,2,0,19,-5.434472163384973
269.5148955243503,3.007744611241621,0,6,48.09175891408998,2,4,35,-3.2632275712563232
274.6047873063304,1.877068129148798,2,3,32.683126331108966,9,0,30,-3.833173252500088
462.9778394351197,3.4491727991594274,5,7,132.0582980925554,11,2,32,-6.124957934667946
548.5551299762885,5.906039286706594,2,5,79.82109438349715,11,3,23,-8.202647735837958
543.5432121325587,2.772799382587743,0,9,117.40688265045094,3,3,13,-6.864993713581601
489.9377729288119,2.8723308794505042,0,3,57.77638277482616,5,4,19,-6.5587421059302375
421.01582307714386,1.8109586506896338,3,4,122.30611753929662,6,2,11,-5.311325663229144
142.06998249752442,1.2252334458028122,0,8,34.55167051279894,9,2,32,-0.5124369008252411
180.81435704730688,3.7455037248163685,5,6,66.27653859333086,3,0,9,-1.1565967647605464
549.2770942635395,1.2158742611366993,5,9,147.1480363365587,5,2,13,-3.9835713592507984
403.21452982979497,2.6073493558290886,5,8,123.21866312784078,10,1,7,-3.2200599530243634
104.59852580831482,1.783513829852325,3,6,84.64327094090946,0,0,23,-0.6841165164467257
150.73577143301605,3.2184697386195875,3,0,64.17107130304507,7,1,31,-2.9657082508201333
431.7508845540279,3.000493157930422,0,7,133.37764100292196,6,4,9,-5.584738412660743
102.53079192310935,4.056309916386849,1,3,90.83020868098704,10,3,21,-3.475603880162618
180.40402570874932,1.7349754017178793,1,2,118.59525232298444,10,4,35,-2.9283274695079715
374.3668946832931,2.095187597059943,3,6,118.03399844110133,8,3,38,-3.7151866861785074
445.94759884634664,1.031854426326539,0,2,22.332938213903937,2,4,32,-4.742706061283744
425.9806297513003,1.8335601098858327,1,7,36.41299176303975,1,2,22,-4.586095029385266
212.1346547302799,3.0659507395672785,0,5,105.75181763131648,0,1,31,-3.6631041528827524
456.08961067376794,3.635482924968028,0,4,41.01057546716329,2,3,34,-6.0450449133553725
218.62454374840001,1.1167520137335618,0,3,53.21413480522861,4,0,15,-2.7640059312385983
262.69984907963385,3.8044088801584905,4,7,143.06293404594894,10,1,7,-4.209619463442291
473.24570255901205,4.533456788207427,5,7,92.82369358873854,1,0,35,-3.4574655498483153
424.81644952360733,3.120152354835551,0,0,117.59483590991513,11,1,28,-6.738017824576638
524.611705247089,5.315193718837099,4,8,92.53749604174318,2,1,22,-5.465342231901914
428.80644615017167,1.3393162013446405,3,4,91.82676992175428,3,4,13,-3.9808379811409362
384.1543016677358,0.6330179450328743,1,3,32.23974831634072,6,3,20,-4.125355215726076
146.83738391404623,-0.168080373356418,5,5,64.6762150391834,2,3,35,0.11632604233071192
283.85790152971674,4.7440664672337745,1,5,56.71601682924653,8,1,25,-4.955452073800856
232.60118384086272,3.4815484845310865,5,1,70.79468752976972,7,2,25,-3.291883248251643
221.9948216895418,2.4166229936343173,1,7,123.78474446916267,3,2,8,-3.2680637237992025
586.5052773762228,2.9199529394797303,5,6,68.35124682919243,0,0,21,-4.799697269025606
296.5488623333802,0.8117664290524353,1,0,78.72058650011874,0,0,9,-3.5426042947729877
546.0232775885567,6.1686279694252395,1,4,71.65958076309116,0,4,17,-8.756748443352338
415.56931299863146,2.693831772962841,1,5,32.14303635678843,0,1,36,-4.793516703641429
497.4056517708242,2.6640921919073395,1,3,77.33938057260188,7,0,24,-6.699602283235744
351.31854655259605,3.588649935848038,3,1,45.42920549578695,2,0,8,-3.6908126322588197
388.45194231317953,3.22151384760507,0,3,44.27402845049539,5,1,38,-5.3383699269199285
346.25884690943195,2.835826036418697,2,0,32.22469357645463,2,4,14,-5.309365739735888
197.62149389902225,1.314288316832032,4,6,66.36722663842941,10,0,28,-1.3221770858895672
461.2260576307527,3.2072025357039937,2,1,118.47264502262426,4,4,12,-7.181877063741829
240.3861812204279,5.32303674471255,2,1,55.93741977584149,6,3,18,-4.603721756496225
112.15798321572692,4.518130069232466,5,8,60.60538324511676,1,4,42,-0.9192341089080251
422.7361479535839,4.889779939959095,0,4,103.54770549741507,5,2,21,-6.936808071372046
188.55533970352445,1.7331764853532223,5,1,45.459305636299455,5,2,34,-1.1165398441222583
570.2292921764572,1.0155927696121287,0,8,136.60453095505946,10,4,24,-6.936693745638058
576.9642885012937,2.311319619850528,0,8,87.62476802270209,2,2,8,-6.661985627608206
557.4321951102243,2.583587368433042,1,0,78.1883822416282,5,3,19,-7.748857209699906
285.0793501277222,4.141287277706423,3,2,92.51662495079619,9,1,21,-4.464830839374757
107.72830826443371,-0.038696944572229164,1,3,41.584460744105414,9,2,26,-2.0255299518171705
564.1592812938627,4.7943254791909204,3,6,99.75150802309292,4,2,35,-8.253590891704837
314.09207415865717,2.262988152131516,5,9,67.20309576242136,11,4,35,-2.6340097256689354
583.3274095218349,1.85967839507887,3,3,136.63422432540045,1,3,9,-5.770414014429327
581.8099885446264,0.9818434371097489,5,1,41.9510468680992,8,1,25,-5.0186459634722205
526.50472773368,0.01771499220134576,2,6,85.91664350250734,7,4,9,-4.835068671992711
247.22444603479283,3.734755875942872,2,5,97.75464181797234,2,4,20,-3.6341089109672273
292.54886430096263,2.609976950782606,3,2,24.33986823222956,7,3,10,-3.175226092434204
525.5683357584285,0.5650586503884192,3,5,67.28010621829823,8,1,17,-5.709484063717696
258.46100257813885,0.5573818419045757,5,5,115.24258051110826,2,3,37,-1.3337742368807224
184.74637334304623,1.9963229510648077,1,4,126.64907596836653,2,1,38,-2.4836586438421704
378.4006312291751,5.003532287934089,5,3,60.711059326246705,1,3,33,-4.364718392247513
568.0773870803905,2.110612972954593,1,9,123.81712540975767,7,4,36,-6.210069330925431
448.0148983374865,0.24528557032284048,2,0,145.80826402344053,9,4,8,-5.614612582800568
385.0305850446825,2.1313854038710836,0,9,131.39361168976222,0,0,15,-5.017130287537673
148.58824688538425,2.0909146453784944,3,5,35.29371846071228,7,2,34,-1.8369325900135753
407.5036133495849,-1.5453299644123577,1,1,116.16494317112029,6,3,37,-3.7564415108680382
595.0269250521317,2.418557700223282,5,2,61.55668821727082,6,0,40,-6.658478558846651
170.042007618262,2.153598204686983,2,7,148.49407862356995,2,2,21,-1.6901974608491626
359.16482618186836,3.5443095472201276,1,9,83.09666781078533,0,3,31,-3.455850124081326
538.6865359639778,5.273434142418018,5,5,35.916406786662336,3,1,42,-6.174439065210981
470.3843088771022,4.189847544321636,3,2,114.2741212435608,8,2,14,-6.7849055816513575
448.507870497634,2.096666964167754,3,6,61.9914557902078,4,4,15,-4.624735748653563
451.2420419935546,0.8402111368874945,4,3,149.62016042061603,0,0,43,-3.9839324303303973
279.7455756098776,6.36003970487479,0,8,147.37171952108784,4,2,38,-5.209226121347
246.7959221322467,2.5888276510217323,4,4,105.29742234267549,7,2,23,-2.910373678062493
504.6805777392568,2.5208939378694195,2,2,36.877438363723286,7,4,41,-6.484905572927861
505.05669733959036,2.463812369334995,1,1,109.29192969775377,4,3,43,-6.616824604406774
533.5361592900518,2.7971271411517824,2,1,32.093963239803536,11,1,25,-6.8370900843571185
556.6202762782357,2.2834593821140863,5,2,23.817340683311002,8,4,35,-6.751989796544693
355.6711994304689,1.6395069896796457,3,1,126.98459800879318,0,1,13,-3.331851446710529
350.75814734359983,1.6797115881394118,4,3,47.26788319887858,3,3,34,-3.251904052840633
499.1475894833876,2.4508700946760023,4,1,69.27352640848267,2,2,15,-5.150533607594174
424.9819653888826,1.6848628432993524,4,9,146.5494606969025,1,1,34,-2.3263749172004013
450.9834386288517,1.4307313259842536,2,8,63.789265241943426,7,0,12,-4.7299832241055935
497.8963347180505,2.6596453415378454,3,1,58.54367156683099,6,0,35,-6.456224876997355
545.0026709087831,2.1175341738687172,1,8,139.36703995096076,8,4,23,-6.249903343714847
268.99757842576787,4.755989482874033,5,5,34.397297891464554,1,3,22,-3.2318337757142324
287.79147631997205,-1.476454712589518,1,0,118.74571331490213,3,4,29,-1.8659476855610677
146.9909699204345,4.137260277883692,2,3,148.44852366486063,5,4,37,-4.009168503383891
389.14007049808697,4.369127788746443,5,0,137.16848140070437,10,4,9,-6.539580396101045
117.97113689837104,-0.6100853486122242,4,5,104.71682943183536,2,0,27,0.7039416739647132
332.79900906623004,1.9859686088794768,0,3,60.827903349055156,7,0,32,-5.326188674885358
371.3223173537883,1.9428387010063128,2,2,53.06185755318118,2,4,42,-4.347792167685078
243.2706260641422,0.38873245792326827,2,2,126.50316363328994,11,0,43,-3.2008616771444185
395.4166302845054,1.333274968613687,3,8,134.3768488137204,1,3,28,-3.059118233411756
115.25012496952472,0.8341362318012568,1,5,88.30653863094007,2,4,18,-0.9577954882005499
118.67409437460721,5.128405665135434,2,8,51.7641923022406,10,0,19,-3.074430794049177
511.30028032982915,3.903517589721192,2,4,34.68261709345256,5,1,17,-7.0954098382165345
280.0953207056315,4.407332642491238,4,1,31.33333081813805,1,4,22,-3.7004895767230046
163.5302563259424,3.5825080960648528,4,7,113.48006815600122,7,4,14,-1.2164904162482357
361.1216300274022,0.8064223431741562,5,4,74.61543462020424,0,3,8,-2.078303829570403
484.9967765493054,1.7132196005803395,0,1,137.69678365612316,6,2,36,-6.682429425440065
207.91051374842158,3.234061841841877,3,3,116.15726909447928,1,2,36,-2.530561026319121
411.4452379095001,0.6668082866620819,0,8,44.86385432889627,9,3,18,-4.6068410423438735
142.67373249688399,3.569497645258582,5,3,99.79106444604088,11,3,16,-1.8591841407635323
125.84086058430384,2.1395119027627976,4,3,76.61570907176072,5,3,17,-1.3100787043718398
365.677315784074,1.9377687886756036,1,1,95.0424649999197,11,2,21,-4.884941427633587
370.31756080505323,3.5664399523052372,4,5,115.94898603400723,1,3,22,-4.332657012135182
418.71495074910325,3.16639496722906,3,1,124.8054645304928,1,0,23,-4.485343352479115
463.0456668613308,1.95855075127138,4,6,129.68585243287416,9,4,32,-4.370583559395977
587.9260397312673,4.238994705046372,3,2,53.01673369436321,7,4,8,-7.387321375381497
358.15017415059765,0.878405008600154,3,2,24.0450279892565,11,1,18,-3.823917158575762
261.47823647062296,3.4239034104163957,3,4,116.10831557142052,1,1,32,-3.431539956808755
497.59309738435184,3.3896518869525756,5,2,33.824684413250694,6,4,29,-4.9396145101491244
235.41612563103712,2.0356803410290145,3,1,60.93954651968579,2,0,24,-2.706519224499284
319.48571035281805,2.989199533363177,3,9,20.496227436165128,7,2,38,-3.775472859184171
139.22819067113298,0.6233296354220457,1,8,108.6170327122106,6,2,44,-1.505625118836907
112.67537170772876,3.8860405288103514,0,1,41.72716149125876,7,0,9,-3.871332665035131
581.3242073389625,2.2226467953355167,2,1,105.18671325991556,6,2,44,-7.095499545774186
517.9900602561029,1.7159154692214407,0,7,148.92654023181905,10,3,9,-6.410785282780792
447.987103046849,4.073513838755334,3,8,29.447213309302118,5,4,36,-4.054378621495836
304.476472207135,1.443484464185861,1,6,30.02014155368989,6,4,7,-3.992158593952042
186.64716003542287,0.3873080554546604,4,2,64.24941204666774,4,0,36,-1.1095787200623175
178.21852133554302,0.1650562397141444,1,8,132.63024685267447,6,2,38,-2.136854180169452
225.12144908229766,3.4090149270184593,3,2,48.01888294287314,0,1,34,-2.515960221304488
374.61333235306023,0.5793559712555754,1,4,66.84911659094519,0,1,27,-3.317286249334118
457.2979613500312,5.132191272976547,1,8,28.905702861507343,8,2,19,-5.973798778284063
430.0986883588656,-0.6228941118255831,3,2,119.21018786365562,4,1,33,-4.117532247289026
239.9669484729714,5.044684552435058,5,6,73.07982455872865,4,0,42,-2.34767841791201
577.432640331597,2.816526200803928,1,0,118.70233529790957,2,0,13,-7.155238848178057
468.94845834788424,2.3549303321944115,2,3,137.46901976508337,4,2,28,-5.462522696895522
377.17702625570035,1.6826213697865753,2,3,50.25920912316754,2,1,16,-3.92913561649785
405.8603731171761,3.098704171528106,1,6,124.96148394419367,8,0,21,-5.242834594009216
309.80003121389495,2.4435479463627274,5,7,27.682205710172926,8,0,21,-2.711631597864853
223.86549475057873,4.154952823024782,4,0,136.85016046343216,5,3,10,-3.8726043318249834
277.98633932563075,2.6713414729930594,3,4,104.59991118263716,0,3,38,-2.113793238504062
478.92305523218454,2.7254526421928165,2,6,133.6494741379857,6,0,29,-5.08489896411859
107.19674431487793,1.9545816816792163,4,3,20.024491942355645,6,2,12,-1.3141819786038704
158.03632025345811,2.4145815644183988,1,3,41.98053914627903,9,4,30,-2.816848021838624
123.00132101087638,2.961702653338089,4,3,70.66872036544396,9,4,26,-2.810778910484352
120.36440115948507,-0.06525258898493824,0,5,69.33537743871341,3,0,43,-0.5314994487081108
527.7302920055035,0.4777218668414305,2,6,49.47494978005639,7,0,26,-4.4382368959447644
451.8289296900118,3.6148961410340723,1,1,69.60955218273601,5,0,18,-7.608693298096917
337.0869145436626,2.756298157191913,3,4,36.75033256003313,3,2,39,-4.11366180878893
148.91708032550073,2.224024995470981,5,3,73.6589468045834,3,3,34,-1.3110474833852988
345.80793755841614,2.5276508995980898,1,2,124.30606279070435,1,0,14,-4.893865012907141
336.7358853902829,3.021372558042507,3,6,82.27910820343565,1,0,7,-3.8941791416506635
186.60093495500757,1.6903604795359577,5,5,22.340011562877947,11,1,43,-1.2284002824563527
316.92582461898655,1.332542911896531,5,6,74.78772540530215,3,2,28,-1.6837315246943856
299.2523671986867,2.7937678826465224,1,4,23.53275209180974,4,0,12,-3.904205939758437
407.92504902610824,1.032440833577452,4,5,145.61164339188377,7,1,27,-4.201424874088408
417.5468254338219,3.1123791335717077,4,4,36.569014724972966,5,4,38,-3.890149331540655
122.65200488602225,-0.05387540635676036,5,6,111.99948242298044,3,0,41,1.4681237987474032
287.3063073132356,4.043733455988465,4,1,146.46092197597116,10,0,21,-5.469015152929713
412.9299578571182,3.2088962236195644,0,4,127.38507671665434,6,1,11,-6.476756532541646
351.5681292900439,2.8840446014708134,5,5,110.91099876640648,7,2,12,-3.4666547547618802
528.2449205941612,3.974036475918271,5,5,129.1299182350997,1,0,31,-5.694131724949739
429.3468158094725,4.998211666693865,3,4,147.63383012388158,11,4,35,-7.000441742392682
181.46721354071485,4.021555097527195,4,9,100.77478464295885,6,0,13,-1.5594970315232048
135.28437370021493,-0.26131134699746816,5,6,92.69402488781245,1,4,19,-0.04033623169612366
421.2096391031578,0.5806345498964478,0,9,101.67095436022657,1,3,44,-2.6516172753546012
113.2556552708109,1.5627721334564817,3,7,89.24786527900214,7,3,24,-0.7238416836666901
392.88779063673167,2.5391365753162507,1,6,102.56158376826345,1,4,8,-4.517000685147849
570.1151207124788,3.2764885307036846,5,4,78.4794870364327,10,2,14,-6.476409984769519
387.73708893793946,1.4113842802698016,0,0,48.39761377482992,8,0,17,-5.643836420878186
294.084963103261,2.7801501467156173,2,4,35.63213944651783,11,0,39,-5.074686053345469
421.64410922117656,1.3669256014700162,0,9,28.88432161919385,0,3,44,-2.496856387316126
329.1264452457583,1.5827232955120776,0,1,54.23105188791601,8,4,33,-4.933118543517892
372.8083946579675,0.3900083547276667,3,4,25.996063363645398,0,0,26,-2.1315673755380478
570.7324043882626,1.1151501308336436,1,4,93.73220138952013,9,0,18,-6.057785230960029
293.0513189003871,0.47247309157549955,2,1,56.897698113057636,9,2,37,-4.0618194541370585
580.595281911957,1.036190120534001,4,4,127.18952505131418,1,1,33,-4.823259555125527
552.6753209780319,4.080462694911759,4,3,29.65131348849024,5,3,38,-6.5490616701280455
197.89556739464822,1.0759016667520855,0,0,49.42569426439317,5,3,16,-2.840649591036244
134.68065043758273,6.448573097256086,3,2,114.93199912171897,0,1,9,-4.909366758788214
150.38900068871334,3.239976851321334,3,0,97.84507852985388,6,0,33,-3.3626509753177047
109.11091282577486,2.777254185542311,4,4,28.38386526239178,7,2,41,-1.623065875232844
147.2214803779642,1.2124633297281797,2,3,134.04112943108606,1,2,37,-1.4325206404820843
441.5033867081784,3.550464819113487,1,6,134.04402916740332,7,3,21,-5.825464328791444
135.5943242301145,1.636543260643339,2,4,62.9530405038506,8,2,22,-2.2427930225530806
259.4878151468806,2.6830147219680422,5,9,64.25275963544341,5,1,19,-1.813736242718066
522.4376554847272,6.340126807403192,5,3,148.5736865855226,4,0,41,-7.492641075755148
111.63596786791294,2.3559101504130253,1,1,101.40290230710796,11,1,17,-3.849650379078786
507.2342412944679,4.223909989428513,4,3,89.07114767384769,8,4,27,-6.208661298302111
240.92738738669996,1.445235362311169,1,1,128.95978386175017,11,3,17,-4.561294074555058
159.08241381082814,2.4475172642545573,3,7,57.08774398645114,10,2,36,-3.2535155998286367
448.3685826820753,5.156200953453265,5,2,75.79373714152639,8,4,41,-6.52816601756592
414.471423389942,1.559549413318349,0,8,54.810967813483444,0,2,28,-4.1178156900479985
538.7360067635265,5.218672836995394,0,3,122.59091005653508,10,0,44,-9.82528894414611
467.5355219019429,3.561627903183213,4,5,94.53541493257833,2,0,37,-5.547559564385214
501.74046519242427,1.6562998361585985,3,9,105.64725911820916,8,0,20,-4.4190866296781035
241.01728628565326,3.448611608583281,2,4,52.799942479122855,10,2,30,-3.334157965419671
188.71977188986142,3.958831674440095,3,9,48.629289179050964,1,4,38,-1.3531677650814264
475.3073758204292,3.4327149433257946,0,0,83.48870176778203,11,0,42,-8.290126432813969
503.417369633632,0.14466292016431526,0,8,115.88354738206748,3,4,38,-4.157970795743463
595.2525710003367,1.409294236262697,5,0,88.28116847762082,3,2,21,-6.128123825632316
306.30883845571327,2.128722046672743,3,7,24.243938080936918,1,4,41,-2.395969282879761
286.0090428963916,2.3883498563499304,3,8,132.91169582163752,2,2,9,-2.9960051703635613
488.2064803709984,3.431008146326017,0,8,28.409296156967102,2,2,22,-6.215529761033689
270.40177012650895,2.766551501399881,2,0,144.2571828836978,0,3,11,-4.403541219663241
565.3786628017824,0.4969834619348479,4,1,23.268454576045453,5,2,27,-5.0395938869054095
529.2063759215059,3.070296776508945,4,0,110.27855929699214,7,2,16,-6.926916778961937
314.49701368750914,3.4158786179257348,3,9,30.686918282531614,11,1,25,-3.6143275012242966
475.4355338957487,3.33968567189656,4,1,138.38795532656815,2,0,31,-6.389010981886998
477.2714370423412,4.121171088331932,0,9,80.37632070932057,4,3,10,-5.531058422293497
151.5619344179663,3.750883231823356,0,7,37.878090726212,0,3,35,-2.839017373695693
551.2764533397833,3.188770118842655,3,4,64.30604097268005,9,3,25,-6.2406658407608235
352.6261862239286,2.3947514328120296,3,6,41.42720779507907,6,1,8,-3.9318821270840583
513.2287330538709,0.008558599726012694,5,1,42.1756485024217,9,2,16,-4.923662491590341
260.02480051530586,3.1444273286988786,3,7,143.2540816222875,0,0,31,-3.322124672921774
547.7616142481002,2.811531530744667,2,5,77.88199459702247,11,4,26,-7.023492954281266
294.60083936708156,2.90736825579306,4,7,122.54429430769675,10,2,25,-2.9247577638668396
105.41882574014917,0.5848771362695357,3,0,103.14872295309864,8,1,29,-1.5045563960797748
552.6909882096318,0.8784151893876064,1,0,107.93542710399099,7,2,30,-6.416583556296058
145.64333839306678,4.079729279999356,5,6,37.120147001365005,6,2,17,-1.3208274859702027
259.6568187952074,2.4406672692150173,1,7,50.44397808601313,9,1,40,-3.8209566272548328
575.0309835254025,3.522251046058937,0,2,122.2775435700768,6,3,34,-8.488217688297656
575.303573468778,2.542477564195692,4,4,146.1996068417218,4,3,11,-6.545372115552967
386.71894406164307,2.544634209243618,3,0,54.147833537824724,4,0,11,-4.244958260907843
415.91860608489964,3.9074257089639968,1,6,55.303939417635185,10,0,27,-6.487812935632326
324.2227609891599,1.7259329076739391,4,4,81.47662726541762,4,3,18,-2.465728355361102
246.60538584903227,2.644181165411475,0,7,147.8992406712069,0,4,10,-2.6811637094977097
264.33227268495796,1.8065870669424364,2,7,54.96466295744124,7,2,26,-1.6066294742499607
436.2592280385192,1.8482556588515267,5,8,72.90634825245431,11,4,44,-3.856095147387976
476.18726471884,2.036241814797041,4,6,135.8924020310559,10,2,31,-4.703294484952118
495.7895218629243,2.8332006574505693,4,0,20.37973424077706,0,3,20,-4.135568300288991
494.80907139727697,1.7818770675047841,2,2,25.169575448514042,3,0,17,-5.57369796343458
145.60305152434518,4.383634188360281,4,7,98.5293180192585,8,0,38,-3.108014323286064
347.21015235129073,1.158089046670744,0,2,137.9594214126701,8,4,17,-6.080948170865511
128.77938000832214,2.2196925337579616,0,7,51.0513658522506,4,0,24,-1.296540881792789
374.76444116186775,1.8404034125887376,2,0,81.05343070849217,3,3,33,-5.7146883754847995
320.76525068668855,4.6704668265306,5,4,78.56048921551638,2,4,24,-4.021847892678729
543.8520913791499,2.794832164767362,3,3,81.48627499241633,2,2,29,-5.724711777617782
275.45750627603934,4.047766809202953,1,4,100.92756044486687,11,0,17,-5.190508501171247
158.53350821380292,0.2716594404445418,3,7,81.0666891887889,4,1,27,-0.013775816212158454
171.49584102641793,2.9005753988038885,4,9,78.17085837191951,9,0,11,-1.344955473625294
480.75531585873614,3.8344461934351557,1,3,81.65749465606388,0,2,29,-5.593630821928563
409.1090316581305,2.6234259839131364,2,3,96.8127673652354,4,4,31,-5.56302533573345
150.56133806139513,4.098220562598026,2,2,89.81097348567658,5,2,16,-3.842276098570613
142.0534030574987,1.7240673248494418,5,6,131.03767969456555,6,1,28,-1.2240858141079478
450.48456572956,4.614021160278369,1,2,26.43459095417666,11,3,25,-6.928933286274364
136.38150318209676,5.948347185428876,0,2,128.3312192914916,8,0,7,-4.929445426795332
510.9300296451781,1.9557421593405113,1,9,129.71019963952412,2,4,13,-4.610109714660403
453.1211135782481,1.8317462178988424,4,4,57.03804279902491,1,3,10,-3.2405276252820636
140.6743903209499,4.6800767156765515,0,4,80.17075415206058,2,2,7,-4.1366564654962685
142.41885704259596,4.869358218596068,2,5,77.0100035098666,11,4,21,-2.910305641497758
593.3197892505877,1.7157099592700975,1,7,48.40627846603694,8,3,18,-5.371464953614983
287.1353978780602,1.8697197743562142,3,9,71.58359012122114,11,4,28,-2.1963208179419413
285.32107353344543,2.077323086709239,5,5,25.770410382211075,6,1,28,-1.2298248762145996
506.39978362875127,0.48332423344858455,3,0,56.11686946162548,8,1,23,-6.314555904158818
573.6242886919293,1.1220220802737026,5,7,126.16868280859335,1,0,35,-4.390321409230437
593.0005319114355,0.9937888498718981,4,7,56.99309922917668,4,0,20,-4.879516970537163
476.6890926294708,1.3483036523438074,3,8,126.36686693727218,3,1,26,-3.5121374252743003
288.12979276545786,2.447972668919828,1,8,89.10793039857602,1,4,39,-3.275894283908446
141.7503583493344,2.851322098804781,1,1,134.3821480569508,8,1,21,-3.436327798511746
488.5734579637184,4.825750739221116,3,1,94.72134205437398,8,0,18,-6.786948587521255
379.2021248679025,1.0024689388918135,1,2,23.856868998416175,5,1,26,-3.864938613075014
312.11100462348816,3.976483597714876,4,0,107.8046269811216,10,1,36,-5.306499468167177
553.177192547368,2.1790167336617365,0,3,25.830963843063927,5,4,44,-7.144371781970242
155.59874115307568,2.4258044355213504,4,3,78.57761246780743,7,3,9,-2.4852031746931513
346.31255214542955,3.5122292382499056,5,8,140.8254702815048,5,0,34,-2.6985580393384394
105.67682238370953,0.8159169676565521,4,8,41.47651211392052,0,4,32,1.5175652337176921
334.33032099706315,3.073614619276076,5,8,70.68340588240073,3,1,36,-2.4530373087094453
128.15163784091868,2.7496783123195843,1,9,114.8818401503022,6,1,19,-1.9397195082034353
159.40895813403597,3.2386768960122234,0,6,134.6936122923302,1,3,19,-3.799800027363811
158.76312338855246,2.933752965861727,1,1,107.22259061652602,8,0,8,-4.4260468792412375
424.60515105803177,6.182950209866341,2,9,53.562523044852,7,0,43,-4.949629687167888
473.02243963271167,1.543390023623026,1,4,107.6990208791081,7,2,44,-6.280642298035404
391.68438254857983,1.7035045674972735,5,3,58.5745933435317,6,0,8,-3.4667291653415533
581.086274237271,1.5652892103628535,1,7,113.39579987643559,3,3,42,-5.256764360338716
287.435289761852,1.666784321259618,1,1,144.02430658605527,1,2,32,-4.655327925179751
242.85604314093035,1.5439193090402235,0,5,113.78114864381747,2,2,17,-2.877070591757961
534.2995640947302,4.283524796661328,1,4,132.1744653786136,11,1,14,-7.676672597415706
211.7979192597263,4.630756371984782,0,1,20.273499612864843,5,1,28,-4.828475215700354
581.6112697203057,1.6438805593757855,3,9,113.28437621510727,11,0,26,-4.170273330133103
106.07723734490817,1.251466640343657,2,0,127.84638239248254,11,2,14,-3.660037235022421
584.9394133538195,3.207123334579606,0,7,25.272635880808586,4,1,35,-6.049954715290102
121.57995597528806,1.6716654335785432,5,1,133.30770454747,11,3,32,-2.2045716679777345
545.5715568490355,3.4493977266332663,3,6,53.37024968030596,7,1,36,-5.661305602790181
363.85055454314994,2.8043845312769493,0,8,106.48797325714717,5,1,23,-4.252484101506087
596.4823980596502,0.2263838275041521,0,8,124.04613427304287,5,2,26,-5.964824664268791
136.89828236769944,4.821257801995093,2,7,106.14638669771621,0,2,22,-2.1958454619334518
376.9271422006604,5.193816509643282,5,9,31.997022969523442,3,4,13,-4.455115517375007
584.6512678095495,1.5808169642734207,4,8,97.52179745184789,4,3,22,-4.422906397205748
361.5489220850744,1.9184476600960236,4,1,91.44587537387866,11,2,33,-4.582863194772887
414.6993190676313,2.9287980860873573,0,5,137.0417648496553,10,0,29,-5.977270973646716
447.8743444923086,3.0016851849805377,1,3,72.5511648537472,2,3,30,-5.113282699138516
327.2705323838866,3.4878164090092456,5,3,61.740542621316514,8,3,15,-3.841506321345215
413.77904004203174,5.515306808149525,3,4,117.48059937674061,0,2,41,-5.708802091479645
392.15715596155013,2.234579158758926,1,2,73.64779239084156,5,3,26,-5.647634269279817
550.5790052454945,1.3025541331923194,1,0,103.99250275065819,5,2,43,-7.233140014628923
122.72319017072894,0.43102115797820906,5,7,104.03851171619891,9,1,23,0.6304322708112771
240.48159479611516,1.4036049400871213,0,4,135.44507836681532,4,4,37,-2.6656761069857993
575.2057420382794,2.4503095406893043,0,2,97.83001230148265,11,1,14,-8.285417470390886
545.1318919454582,5.191836795276681,0,9,85.2799692950583,4,2,21,-7.050635789941577
327.82837639285646,1.7235830514457429,0,6,38.053272431547214,9,2,37,-4.482648839306055
410.06629890076834,2.8356819274583476,4,6,35.0458888682317,4,1,36,-3.1073549744442928
238.69059149056633,2.475365655890872,0,0,40.06180348680032,5,0,26,-3.9921893484392115
194.06057986188065,4.282589910172126,4,8,42.34030257252229,7,0,18,-1.2229935483356058
331.84920246999104,6.290398638810433,4,1,102.92402204627241,1,0,23,-6.117472992926358
276.67611401302645,1.703696840619519,0,4,116.32756253569521,5,2,36,-4.089251322627608
391.82805592543605,1.7658408362226667,2,4,88.89889798043443,0,3,35,-3.7299725060050806
138.8673184824924,4.066241315603608,3,7,127.77230523091383,3,2,25,-1.737410599918412
587.1974038330832,3.522837234439467,1,7,148.86421947537232,9,3,17,-7.685547571701243
593.1053722398015,5.27006098860405,4,6,126.60164178551628,2,1,40,-7.43557297085447
